email,password,company_id,restaurant_latitude,restaurant_longitude,restaurant_id,menu_id
beth.gomez.834107@donotsendemail.test,ecea8a62db211c9a1bfc53d569b9e1205f2c4996,38264,38.263793,-85.700243,64833,128602
elizabeth.bailey.709985@donotsendemail.test,ecea8a62db211c9a1bfc53d569b9e1205f2c4996,38265,39.814056,-105.046913,64843,128603
kathryn.thompson.433259@donotsendemail.test,ecea8a62db211c9a1bfc53d569b9e1205f2c4996,38266,38.263793,-85.700243,64853,128604
peter.jensen.65365@donotsendemail.test,ecea8a62db211c9a1bfc53d569b9e1205f2c4996,38267,44.492953,-73.101883,64863,128605
diane.khan.55461@donotsendemail.test,ecea8a62db211c9a1bfc53d569b9e1205f2c4996,38268,43.4731793,-72.4967532,64873,128606
julie.williams.234788@donotsendemail.test,ecea8a62db211c9a1bfc53d569b9e1205f2c4996,38269,38.263793,-85.700243,64883,128607
aaron.baker.814163@donotsendemail.test,ecea8a62db211c9a1bfc53d569b9e1205f2c4996,38270,38.263793,-85.700243,64893,128608
troy.johnson.268564@donotsendemail.test,ecea8a62db211c9a1bfc53d569b9e1205f2c4996,38271,37.7567177,-122.4244156,64903,128609
ashley.york.257472@donotsendemail.test,ecea8a62db211c9a1bfc53d569b9e1205f2c4996,38272,41.76556000000001,-72.473091,64913,128610
john.farmer.361893@donotsendemail.test,ecea8a62db211c9a1bfc53d569b9e1205f2c4996,38273,38.263793,-85.700243,64923,128611
patty.cherry.799430@donotsendemail.test,ecea8a62db211c9a1bfc53d569b9e1205f2c4996,38274,33.9828796,-118.4016266,64933,128612
ryan.chapman.343487@donotsendemail.test,ecea8a62db211c9a1bfc53d569b9e1205f2c4996,38275,37.7567177,-122.4244156,64943,128613
robert.martinez.124734@donotsendemail.test,ecea8a62db211c9a1bfc53d569b9e1205f2c4996,38276,33.6152469,-112.179737,64953,128614
emma.brown.349614@donotsendemail.test,ecea8a62db211c9a1bfc53d569b9e1205f2c4996,38277,37.7567177,-122.4244156,64963,128615
brandon.young.478018@donotsendemail.test,ecea8a62db211c9a1bfc53d569b9e1205f2c4996,38278,36.157077,-86.853827,64973,128616
kristi.moore.493246@donotsendemail.test,ecea8a62db211c9a1bfc53d569b9e1205f2c4996,38279,43.4731793,-72.4967532,64983,128617
kathleen.roberts.21344@donotsendemail.test,ecea8a62db211c9a1bfc53d569b9e1205f2c4996,38280,38.10476999999999,-122.193849,64993,128618
joseph.glass.421299@donotsendemail.test,ecea8a62db211c9a1bfc53d569b9e1205f2c4996,38281,41.76556000000001,-72.473091,65003,128619
brett.lin.312749@donotsendemail.test,ecea8a62db211c9a1bfc53d569b9e1205f2c4996,38282,44.492953,-73.101883,65013,128620
kimberly.chung.917070@donotsendemail.test,ecea8a62db211c9a1bfc53d569b9e1205f2c4996,38283,41.76556000000001,-72.473091,65023,128621
michael.daniels.388017@donotsendemail.test,ecea8a62db211c9a1bfc53d569b9e1205f2c4996,38284,39.814056,-105.046913,65033,128622
maria.fowler.446490@donotsendemail.test,ecea8a62db211c9a1bfc53d569b9e1205f2c4996,38285,43.4731793,-72.4967532,65043,128623
darlene.ramirez.231801@donotsendemail.test,ecea8a62db211c9a1bfc53d569b9e1205f2c4996,38286,36.157077,-86.853827,65053,128624
michael.byrd.966232@donotsendemail.test,ecea8a62db211c9a1bfc53d569b9e1205f2c4996,38287,39.814056,-105.046913,65063,128625
erica.hester.740567@donotsendemail.test,ecea8a62db211c9a1bfc53d569b9e1205f2c4996,38288,37.7567177,-122.4244156,65073,128626
sarah.collins.889404@donotsendemail.test,ecea8a62db211c9a1bfc53d569b9e1205f2c4996,38289,36.157077,-86.853827,65083,128627
norma.heath.833651@donotsendemail.test,ecea8a62db211c9a1bfc53d569b9e1205f2c4996,38290,39.814056,-105.046913,65093,128628
sheila.ward.204647@donotsendemail.test,ecea8a62db211c9a1bfc53d569b9e1205f2c4996,38291,39.814056,-105.046913,65103,128629
shannon.norton.866821@donotsendemail.test,ecea8a62db211c9a1bfc53d569b9e1205f2c4996,38292,37.7567177,-122.4244156,65113,128630
joshua.chavez.85617@donotsendemail.test,ecea8a62db211c9a1bfc53d569b9e1205f2c4996,38293,33.6152469,-112.179737,65123,128631
marissa.powers.805561@donotsendemail.test,ecea8a62db211c9a1bfc53d569b9e1205f2c4996,38294,38.263793,-85.700243,65133,128632
kristen.hudson.836398@donotsendemail.test,ecea8a62db211c9a1bfc53d569b9e1205f2c4996,38295,43.4731793,-72.4967532,65143,128633
ashley.perkins.233509@donotsendemail.test,ecea8a62db211c9a1bfc53d569b9e1205f2c4996,38296,36.157077,-86.853827,65153,128634
ryan.davis.84147@donotsendemail.test,ecea8a62db211c9a1bfc53d569b9e1205f2c4996,38297,38.263793,-85.700243,65163,128635
melanie.cruz.510369@donotsendemail.test,ecea8a62db211c9a1bfc53d569b9e1205f2c4996,38298,43.4731793,-72.4967532,65173,128636
ryan.franklin.500523@donotsendemail.test,ecea8a62db211c9a1bfc53d569b9e1205f2c4996,38299,33.6152469,-112.179737,65183,128637
paul.solis.930465@donotsendemail.test,ecea8a62db211c9a1bfc53d569b9e1205f2c4996,38300,38.263793,-85.700243,65193,128638
brandon.ingram.285825@donotsendemail.test,ecea8a62db211c9a1bfc53d569b9e1205f2c4996,38301,33.6152469,-112.179737,65203,128639
christina.stevens.429623@donotsendemail.test,ecea8a62db211c9a1bfc53d569b9e1205f2c4996,38302,33.9828796,-118.4016266,65213,128640
jacob.nolan.40794@donotsendemail.test,ecea8a62db211c9a1bfc53d569b9e1205f2c4996,38303,36.157077,-86.853827,65223,128641
joshua.larsen.135410@donotsendemail.test,ecea8a62db211c9a1bfc53d569b9e1205f2c4996,38304,38.263793,-85.700243,65233,128642
valerie.mcguire.554083@donotsendemail.test,ecea8a62db211c9a1bfc53d569b9e1205f2c4996,38305,43.4731793,-72.4967532,65243,128643
kimberly.kelly.34300@donotsendemail.test,ecea8a62db211c9a1bfc53d569b9e1205f2c4996,38306,41.76556000000001,-72.473091,65253,128644
damon.thomas.135026@donotsendemail.test,ecea8a62db211c9a1bfc53d569b9e1205f2c4996,38307,43.4731793,-72.4967532,65263,128645
anna.evans.103603@donotsendemail.test,ecea8a62db211c9a1bfc53d569b9e1205f2c4996,38308,36.157077,-86.853827,65273,128646
andre.white.696827@donotsendemail.test,ecea8a62db211c9a1bfc53d569b9e1205f2c4996,38309,38.263793,-85.700243,65283,128647
lisa.wright.371059@donotsendemail.test,ecea8a62db211c9a1bfc53d569b9e1205f2c4996,38310,38.10476999999999,-122.193849,65293,128648
aaron.adams.387573@donotsendemail.test,ecea8a62db211c9a1bfc53d569b9e1205f2c4996,38311,44.492953,-73.101883,65303,128649
karen.sanchez.346424@donotsendemail.test,ecea8a62db211c9a1bfc53d569b9e1205f2c4996,38312,38.10476999999999,-122.193849,65313,128650
jodi.wilson.812834@donotsendemail.test,ecea8a62db211c9a1bfc53d569b9e1205f2c4996,38313,41.76556000000001,-72.473091,65323,128651
